trace_sha256,seed,distance,noise_probability,acceptance_probability,accepted_accuracy,rejected_accuracy,row_type,group,site_id,site_x,site_y,origin_members_xyz,start,end,duration,kind,function,wait_reason,task,attempt,epoch,round,status
85fa7ad24567e766516ee709597951036dd6bf035271e450a2598ad2af2c250a,94,9,0.0005,0.8,0.999,0.9,interval,factory:19:0,S04,1,2,1:2:0,0,23,23,factory_body,factory_body,,19,0,81604378625,,early_rejected
85fa7ad24567e766516ee709597951036dd6bf035271e450a2598ad2af2c250a,94,9,0.0005,0.8,0.999,0.9,interval,factory:36:0,S11,1,0,1:0:0,0,82,82,factory_body,factory_body,,36,0,154618822657,,accepted
85fa7ad24567e766516ee709597951036dd6bf035271e450a2598ad2af2c250a,94,9,0.0005,0.8,0.999,0.9,interval,factory:19:1,S04,1,2,1:2:0,23,105,82,factory_body,factory_body,,19,1,81604378626,,accepted
85fa7ad24567e766516ee709597951036dd6bf035271e450a2598ad2af2c250a,94,9,0.0005,0.8,0.999,0.9,marker,marker:early_discard:19:0,S04,1,2,1:2:0,23,23,0,early_discard,factory,,19,0,,,early_discard
85fa7ad24567e766516ee709597951036dd6bf035271e450a2598ad2af2c250a,94,9,0.0005,0.8,0.999,0.9,interval,event:365:memory_round,S11,1,0,1:0:0,82,88,6,factory_gap,factory,,36,0,154618822657,0,accepted
85fa7ad24567e766516ee709597951036dd6bf035271e450a2598ad2af2c250a,94,9,0.0005,0.8,0.999,0.9,interval,event:390:memory_round,S11,1,0,1:0:0,88,94,6,factory_gap,factory,,36,0,154618822657,1,accepted
85fa7ad24567e766516ee709597951036dd6bf035271e450a2598ad2af2c250a,94,9,0.0005,0.8,0.999,0.9,interval,event:415:memory_round,S11,1,0,1:0:0,94,100,6,factory_gap,factory,,36,0,154618822657,2,accepted
85fa7ad24567e766516ee709597951036dd6bf035271e450a2598ad2af2c250a,94,9,0.0005,0.8,0.999,0.9,interval,event:440:memory_round,S11,1,0,1:0:0,100,106,6,factory_gap,factory,,36,0,154618822657,3,accepted
85fa7ad24567e766516ee709597951036dd6bf035271e450a2598ad2af2c250a,94,9,0.0005,0.8,0.999,0.9,interval,event:461:memory_round,S04,1,2,1:2:0,105,111,6,factory_gap,factory,,19,1,81604378626,0,accepted
85fa7ad24567e766516ee709597951036dd6bf035271e450a2598ad2af2c250a,94,9,0.0005,0.8,0.999,0.9,interval,event:466:memory_round,S11,1,0,1:0:0,106,112,6,factory_gap,factory,,36,0,154618822657,4,accepted
85fa7ad24567e766516ee709597951036dd6bf035271e450a2598ad2af2c250a,94,9,0.0005,0.8,0.999,0.9,interval,event:487:memory_round,S04,1,2,1:2:0,111,117,6,factory_gap,factory,,19,1,81604378626,1,accepted
85fa7ad24567e766516ee709597951036dd6bf035271e450a2598ad2af2c250a,94,9,0.0005,0.8,0.999,0.9,interval,event:492:memory_round,S11,1,0,1:0:0,112,118,6,factory_gap,factory,,36,0,154618822657,5,accepted
85fa7ad24567e766516ee709597951036dd6bf035271e450a2598ad2af2c250a,94,9,0.0005,0.8,0.999,0.9,interval,event:513:memory_round,S04,1,2,1:2:0,117,123,6,factory_gap,factory,,19,1,81604378626,2,accepted
85fa7ad24567e766516ee709597951036dd6bf035271e450a2598ad2af2c250a,94,9,0.0005,0.8,0.999,0.9,interval,event:518:memory_round,S11,1,0,1:0:0,118,124,6,factory_gap,factory,,36,0,154618822657,6,accepted
85fa7ad24567e766516ee709597951036dd6bf035271e450a2598ad2af2c250a,94,9,0.0005,0.8,0.999,0.9,interval,event:539:memory_round,S04,1,2,1:2:0,123,129,6,factory_gap,factory,,19,1,81604378626,3,accepted
85fa7ad24567e766516ee709597951036dd6bf035271e450a2598ad2af2c250a,94,9,0.0005,0.8,0.999,0.9,interval,event:544:memory_round,S11,1,0,1:0:0,124,130,6,factory_gap,factory,,36,0,154618822657,7,accepted
85fa7ad24567e766516ee709597951036dd6bf035271e450a2598ad2af2c250a,94,9,0.0005,0.8,0.999,0.9,interval,event:565:memory_round,S04,1,2,1:2:0,129,135,6,factory_gap,factory,,19,1,81604378626,4,accepted
85fa7ad24567e766516ee709597951036dd6bf035271e450a2598ad2af2c250a,94,9,0.0005,0.8,0.999,0.9,interval,event:570:memory_round,S11,1,0,1:0:0,130,136,6,factory_gap,factory,,36,0,154618822657,8,accepted
85fa7ad24567e766516ee709597951036dd6bf035271e450a2598ad2af2c250a,94,9,0.0005,0.8,0.999,0.9,interval,event:591:memory_round,S04,1,2,1:2:0,135,141,6,factory_gap,factory,,19,1,81604378626,5,accepted
85fa7ad24567e766516ee709597951036dd6bf035271e450a2598ad2af2c250a,94,9,0.0005,0.8,0.999,0.9,interval,event:596:memory_round,S11,1,0,1:0:0,136,142,6,factory_gap,factory,,36,0,154618822657,9,accepted
85fa7ad24567e766516ee709597951036dd6bf035271e450a2598ad2af2c250a,94,9,0.0005,0.8,0.999,0.9,interval,event:623:memory_round,S04,1,2,1:2:0,141,147,6,factory_gap,factory,,19,1,81604378626,6,accepted
85fa7ad24567e766516ee709597951036dd6bf035271e450a2598ad2af2c250a,94,9,0.0005,0.8,0.999,0.9,interval,event:628:memory_round,S11,1,0,1:0:0;1:0:1,142,148,6,memory_synchronization,memory,synchronization,38,,,0,
85fa7ad24567e766516ee709597951036dd6bf035271e450a2598ad2af2c250a,94,9,0.0005,0.8,0.999,0.9,marker,marker:accept:36:0,S11,1,0,1:0:0,142,142,0,accept,factory,,36,0,,,accept
85fa7ad24567e766516ee709597951036dd6bf035271e450a2598ad2af2c250a,94,9,0.0005,0.8,0.999,0.9,interval,event:670:memory_round,S04,1,2,1:2:0,147,153,6,factory_gap,factory,,19,1,81604378626,7,accepted
85fa7ad24567e766516ee709597951036dd6bf035271e450a2598ad2af2c250a,94,9,0.0005,0.8,0.999,0.9,interval,event:679:memory_round,S11,1,0,1:0:0;1:0:1,148,154,6,memory_synchronization,memory,synchronization,38,,,1,
85fa7ad24567e766516ee709597951036dd6bf035271e450a2598ad2af2c250a,94,9,0.0005,0.8,0.999,0.9,interval,moment:642+moment:651+moment:659+moment:667+moment:676+moment:685+moment:693+moment:702+moment:710+moment:718+moment:727+moment:736+moment:744+moment:753+moment:761+moment:769+moment:784+moment:793+moment:801+moment:810+moment:818+moment:832+moment:845+moment:858+moment:870+moment:883+moment:895+moment:907+moment:920+moment:933+moment:945+moment:958+moment:970+moment:982+moment:995+moment:1008+moment:1020+moment:1033+moment:1045+moment:1057+moment:1070+moment:1083+moment:1095+moment:1108+moment:1120+moment:1132+moment:1145+moment:1158+moment:1170+moment:1183+moment:1195+moment:1207+moment:1220+moment:1233+moment:1245+moment:1258+moment:1270+moment:1282+moment:1295+moment:1308+moment:1320+moment:1333+moment:1345+moment:1357,S02,-1,2,-1:0:0;-1:1:0;-1:2:0;0:2:0,150,214,64,cube,cube,,3,,,,
85fa7ad24567e766516ee709597951036dd6bf035271e450a2598ad2af2c250a,94,9,0.0005,0.8,0.999,0.9,interval,moment:642+moment:651+moment:659+moment:667+moment:676+moment:685+moment:693+moment:702+moment:710+moment:718+moment:727+moment:736+moment:744+moment:753+moment:761+moment:769+moment:784+moment:793+moment:801+moment:810+moment:818+moment:832+moment:845+moment:858+moment:870+moment:883+moment:895+moment:907+moment:920+moment:933+moment:945+moment:958+moment:970+moment:982+moment:995+moment:1008+moment:1020+moment:1033+moment:1045+moment:1057+moment:1070+moment:1083+moment:1095+moment:1108+moment:1120+moment:1132+moment:1145+moment:1158+moment:1170+moment:1183+moment:1195+moment:1207+moment:1220+moment:1233+moment:1245+moment:1258+moment:1270+moment:1282+moment:1295+moment:1308+moment:1320+moment:1333+moment:1345+moment:1357,S03,0,2,-1:0:0;-1:1:0;-1:2:0;0:2:0,150,214,64,cube,cube,,3,,,,
85fa7ad24567e766516ee709597951036dd6bf035271e450a2598ad2af2c250a,94,9,0.0005,0.8,0.999,0.9,interval,moment:642+moment:651+moment:659+moment:667+moment:676+moment:685+moment:693+moment:702+moment:710+moment:718+moment:727+moment:736+moment:744+moment:753+moment:761+moment:769+moment:784+moment:793+moment:801+moment:810+moment:818+moment:832+moment:845+moment:858+moment:870+moment:883+moment:895+moment:907+moment:920+moment:933+moment:945+moment:958+moment:970+moment:982+moment:995+moment:1008+moment:1020+moment:1033+moment:1045+moment:1057+moment:1070+moment:1083+moment:1095+moment:1108+moment:1120+moment:1132+moment:1145+moment:1158+moment:1170+moment:1183+moment:1195+moment:1207+moment:1220+moment:1233+moment:1245+moment:1258+moment:1270+moment:1282+moment:1295+moment:1308+moment:1320+moment:1333+moment:1345+moment:1357,S07,-1,1,-1:0:0;-1:1:0;-1:2:0;0:2:0,150,214,64,cube,cube,,3,,,,
85fa7ad24567e766516ee709597951036dd6bf035271e450a2598ad2af2c250a,94,9,0.0005,0.8,0.999,0.9,interval,moment:642+moment:651+moment:659+moment:667+moment:676+moment:685+moment:693+moment:702+moment:710+moment:718+moment:727+moment:736+moment:744+moment:753+moment:761+moment:769+moment:784+moment:793+moment:801+moment:810+moment:818+moment:832+moment:845+moment:858+moment:870+moment:883+moment:895+moment:907+moment:920+moment:933+moment:945+moment:958+moment:970+moment:982+moment:995+moment:1008+moment:1020+moment:1033+moment:1045+moment:1057+moment:1070+moment:1083+moment:1095+moment:1108+moment:1120+moment:1132+moment:1145+moment:1158+moment:1170+moment:1183+moment:1195+moment:1207+moment:1220+moment:1233+moment:1245+moment:1258+moment:1270+moment:1282+moment:1295+moment:1308+moment:1320+moment:1333+moment:1345+moment:1357,S09,-1,0,-1:0:0;-1:1:0;-1:2:0;0:2:0,150,214,64,cube,cube,,3,,,,
85fa7ad24567e766516ee709597951036dd6bf035271e450a2598ad2af2c250a,94,9,0.0005,0.8,0.999,0.9,interval,moment:641,S10,0,0,0:0:0,150,150,0,ideal_boundary,ideal_boundary,,2,,,,
85fa7ad24567e766516ee709597951036dd6bf035271e450a2598ad2af2c250a,94,9,0.0005,0.8,0.999,0.9,interval,event:696:memory_round,S10,0,0,0:0:0;0:0:1,150,156,6,memory_synchronization,memory,synchronization,39,,,0,
85fa7ad24567e766516ee709597951036dd6bf035271e450a2598ad2af2c250a,94,9,0.0005,0.8,0.999,0.9,interval,event:721:memory_round,S04,1,2,1:2:0,153,159,6,factory_gap,factory,,19,1,81604378626,8,accepted
85fa7ad24567e766516ee709597951036dd6bf035271e450a2598ad2af2c250a,94,9,0.0005,0.8,0.999,0.9,interval,event:730:memory_round,S11,1,0,1:0:0;1:0:1,154,160,6,memory_synchronization,memory,synchronization,38,,,2,
85fa7ad24567e766516ee709597951036dd6bf035271e450a2598ad2af2c250a,94,9,0.0005,0.8,0.999,0.9,interval,event:747:memory_round,S10,0,0,0:0:0;0:0:1,156,162,6,memory_synchronization,memory,synchronization,39,,,1,
85fa7ad24567e766516ee709597951036dd6bf035271e450a2598ad2af2c250a,94,9,0.0005,0.8,0.999,0.9,interval,event:772:memory_round,S04,1,2,1:2:0,159,165,6,factory_gap,factory,,19,1,81604378626,9,accepted
85fa7ad24567e766516ee709597951036dd6bf035271e450a2598ad2af2c250a,94,9,0.0005,0.8,0.999,0.9,interval,event:787:memory_round,S11,1,0,1:0:0;1:0:1,160,166,6,memory_synchronization,memory,synchronization,38,,,3,
85fa7ad24567e766516ee709597951036dd6bf035271e450a2598ad2af2c250a,94,9,0.0005,0.8,0.999,0.9,interval,event:804:memory_round,S10,0,0,0:0:0;0:0:1,162,168,6,memory_synchronization,memory,synchronization,39,,,2,
85fa7ad24567e766516ee709597951036dd6bf035271e450a2598ad2af2c250a,94,9,0.0005,0.8,0.999,0.9,interval,event:835:memory_round,S04,1,2,1:2:0;1:2:1,165,171,6,memory_synchronization,memory,synchronization,21,,,0,
85fa7ad24567e766516ee709597951036dd6bf035271e450a2598ad2af2c250a,94,9,0.0005,0.8,0.999,0.9,marker,marker:accept:19:1,S04,1,2,1:2:0,165,165,0,accept,factory,,19,1,,,accept
85fa7ad24567e766516ee709597951036dd6bf035271e450a2598ad2af2c250a,94,9,0.0005,0.8,0.999,0.9,interval,event:848:memory_round,S11,1,0,1:0:0;1:0:1,166,172,6,memory_synchronization,memory,synchronization,38,,,4,
85fa7ad24567e766516ee709597951036dd6bf035271e450a2598ad2af2c250a,94,9,0.0005,0.8,0.999,0.9,interval,event:873:memory_round,S10,0,0,0:0:0;0:0:1,168,174,6,memory_synchronization,memory,synchronization,39,,,3,
85fa7ad24567e766516ee709597951036dd6bf035271e450a2598ad2af2c250a,94,9,0.0005,0.8,0.999,0.9,interval,event:910:memory_round,S04,1,2,1:2:0;1:2:1,171,177,6,memory_synchronization,memory,synchronization,21,,,1,
85fa7ad24567e766516ee709597951036dd6bf035271e450a2598ad2af2c250a,94,9,0.0005,0.8,0.999,0.9,interval,moment:830+moment:843+moment:856+moment:868+moment:881+moment:893+moment:905+moment:918+moment:931+moment:943+moment:956+moment:968+moment:980+moment:993+moment:1006+moment:1018+moment:1031+moment:1043+moment:1055+moment:1068+moment:1081+moment:1093+moment:1106+moment:1118+moment:1130+moment:1143+moment:1156+moment:1168+moment:1181+moment:1193+moment:1205+moment:1218+moment:1231+moment:1243+moment:1256+moment:1268+moment:1280+moment:1293+moment:1306+moment:1318+moment:1331+moment:1343+moment:1355,S06,3,2,3:2:0,171,214,43,prepared_y,prepared_y,,0,,,,
85fa7ad24567e766516ee709597951036dd6bf035271e450a2598ad2af2c250a,94,9,0.0005,0.8,0.999,0.9,interval,moment:831+moment:844+moment:857+moment:869+moment:882+moment:894+moment:906+moment:919+moment:932+moment:944+moment:957+moment:969+moment:981+moment:994+moment:1007+moment:1019+moment:1032+moment:1044+moment:1056+moment:1069+moment:1082+moment:1094+moment:1107+moment:1119+moment:1131+moment:1144+moment:1157+moment:1169+moment:1182+moment:1194+moment:1206+moment:1219+moment:1232+moment:1244+moment:1257+moment:1269+moment:1281+moment:1294+moment:1307+moment:1319+moment:1332+moment:1344+moment:1356,S13,3,0,3:0:0,171,214,43,prepared_y,prepared_y,,1,,,,
85fa7ad24567e766516ee709597951036dd6bf035271e450a2598ad2af2c250a,94,9,0.0005,0.8,0.999,0.9,interval,event:923:memory_round,S11,1,0,1:0:0;1:0:1,172,178,6,memory_synchronization,memory,synchronization,38,,,5,
85fa7ad24567e766516ee709597951036dd6bf035271e450a2598ad2af2c250a,94,9,0.0005,0.8,0.999,0.9,interval,event:948:memory_round,S10,0,0,0:0:0;0:0:1,174,180,6,memory_synchronization,memory,synchronization,39,,,4,
85fa7ad24567e766516ee709597951036dd6bf035271e450a2598ad2af2c250a,94,9,0.0005,0.8,0.999,0.9,interval,event:985:memory_round,S04,1,2,1:2:0;1:2:1,177,183,6,memory_synchronization,memory,synchronization,21,,,2,
85fa7ad24567e766516ee709597951036dd6bf035271e450a2598ad2af2c250a,94,9,0.0005,0.8,0.999,0.9,interval,event:998:memory_round,S11,1,0,1:0:0;1:0:1,178,184,6,memory_synchronization,memory,synchronization,38,,,6,
85fa7ad24567e766516ee709597951036dd6bf035271e450a2598ad2af2c250a,94,9,0.0005,0.8,0.999,0.9,interval,event:1023:memory_round,S10,0,0,0:0:0;0:0:1,180,186,6,memory_synchronization,memory,synchronization,39,,,5,
85fa7ad24567e766516ee709597951036dd6bf035271e450a2598ad2af2c250a,94,9,0.0005,0.8,0.999,0.9,interval,event:1060:memory_round,S04,1,2,1:2:0;1:2:1,183,189,6,memory_synchronization,memory,synchronization,21,,,3,
85fa7ad24567e766516ee709597951036dd6bf035271e450a2598ad2af2c250a,94,9,0.0005,0.8,0.999,0.9,interval,event:1073:memory_round,S11,1,0,1:0:0;1:0:1,184,190,6,memory_synchronization,memory,synchronization,38,,,7,
85fa7ad24567e766516ee709597951036dd6bf035271e450a2598ad2af2c250a,94,9,0.0005,0.8,0.999,0.9,interval,event:1098:memory_round,S10,0,0,0:0:0;0:0:1,186,192,6,memory_synchronization,memory,synchronization,39,,,6,
85fa7ad24567e766516ee709597951036dd6bf035271e450a2598ad2af2c250a,94,9,0.0005,0.8,0.999,0.9,interval,event:1135:memory_round,S04,1,2,1:2:0;1:2:1,189,195,6,memory_synchronization,memory,synchronization,21,,,4,
85fa7ad24567e766516ee709597951036dd6bf035271e450a2598ad2af2c250a,94,9,0.0005,0.8,0.999,0.9,interval,event:1148:memory_round,S11,1,0,1:0:0;1:0:1,190,196,6,memory_synchronization,memory,synchronization,38,,,8,
85fa7ad24567e766516ee709597951036dd6bf035271e450a2598ad2af2c250a,94,9,0.0005,0.8,0.999,0.9,interval,event:1173:memory_round,S10,0,0,0:0:0;0:0:1,192,198,6,memory_synchronization,memory,synchronization,39,,,7,
85fa7ad24567e766516ee709597951036dd6bf035271e450a2598ad2af2c250a,94,9,0.0005,0.8,0.999,0.9,interval,event:1210:memory_round,S04,1,2,1:2:0;1:2:1,195,201,6,memory_synchronization,memory,synchronization,21,,,5,
85fa7ad24567e766516ee709597951036dd6bf035271e450a2598ad2af2c250a,94,9,0.0005,0.8,0.999,0.9,interval,event:1223:memory_round,S11,1,0,1:0:0;1:0:1,196,202,6,memory_synchronization,memory,synchronization,38,,,9,
85fa7ad24567e766516ee709597951036dd6bf035271e450a2598ad2af2c250a,94,9,0.0005,0.8,0.999,0.9,interval,event:1248:memory_round,S10,0,0,0:0:0;0:0:1,198,204,6,memory_synchronization,memory,synchronization,39,,,8,
85fa7ad24567e766516ee709597951036dd6bf035271e450a2598ad2af2c250a,94,9,0.0005,0.8,0.999,0.9,interval,event:1285:memory_round,S04,1,2,1:2:0;1:2:1,201,207,6,memory_synchronization,memory,synchronization,21,,,6,
85fa7ad24567e766516ee709597951036dd6bf035271e450a2598ad2af2c250a,94,9,0.0005,0.8,0.999,0.9,interval,event:1298:memory_round,S11,1,0,1:0:0;1:0:1,202,208,6,memory_synchronization,memory,synchronization,38,,,10,
85fa7ad24567e766516ee709597951036dd6bf035271e450a2598ad2af2c250a,94,9,0.0005,0.8,0.999,0.9,interval,event:1323:memory_round,S10,0,0,0:0:0;0:0:1,204,210,6,memory_synchronization,memory,synchronization,39,,,9,
85fa7ad24567e766516ee709597951036dd6bf035271e450a2598ad2af2c250a,94,9,0.0005,0.8,0.999,0.9,interval,event:1360:memory_round,S04,1,2,1:2:0;1:2:1,207,213,6,memory_synchronization,memory,synchronization,21,,,7,
85fa7ad24567e766516ee709597951036dd6bf035271e450a2598ad2af2c250a,94,9,0.0005,0.8,0.999,0.9,interval,event:1369:memory_round,S11,1,0,1:0:0;1:0:1,208,214,6,memory_synchronization,memory,synchronization,38,,,11,
85fa7ad24567e766516ee709597951036dd6bf035271e450a2598ad2af2c250a,94,9,0.0005,0.8,0.999,0.9,interval,event:1399:memory_round,S10,0,0,0:0:0;0:0:1,210,216,6,memory_synchronization,memory,synchronization,39,,,10,
85fa7ad24567e766516ee709597951036dd6bf035271e450a2598ad2af2c250a,94,9,0.0005,0.8,0.999,0.9,interval,event:1370:idle,S04,1,2,1:2:0;1:2:1,213,214,1,idle_synchronization,memory,synchronization,21,,,,
85fa7ad24567e766516ee709597951036dd6bf035271e450a2598ad2af2c250a,94,9,0.0005,0.8,0.999,0.9,interval,moment:1377+moment:1386+moment:1396+moment:1406+moment:1414+moment:1422+moment:1430+moment:1440+moment:1452+moment:1456+moment:1460+moment:1464+moment:1468+moment:1472+moment:1476+moment:1480+moment:1484+moment:1488+moment:1492+moment:1496+moment:1500+moment:1504+moment:1508+moment:1512+moment:1516+moment:1520+moment:1524+moment:1528+moment:1532+moment:1536+moment:1540+moment:1544+moment:1548+moment:1552+moment:1556+moment:1560+moment:1564+moment:1568+moment:1572+moment:1576+moment:1580+moment:1584+moment:1588+moment:1592+moment:1596+moment:1600+moment:1604+moment:1608+moment:1612+moment:1616+moment:1620+moment:1624+moment:1628+moment:1632+moment:1636+moment:1640+moment:1644+moment:1648+moment:1652+moment:1656+moment:1660+moment:1664+moment:1668,S01,2,3,-1:2:1;0:2:1;1:2:1;2:2:1;2:3:1;3:2:1,214,277,63,cube,cube,,43,,,,
85fa7ad24567e766516ee709597951036dd6bf035271e450a2598ad2af2c250a,94,9,0.0005,0.8,0.999,0.9,interval,moment:1377+moment:1386+moment:1396+moment:1406+moment:1414+moment:1422+moment:1430+moment:1440+moment:1452+moment:1456+moment:1460+moment:1464+moment:1468+moment:1472+moment:1476+moment:1480+moment:1484+moment:1488+moment:1492+moment:1496+moment:1500+moment:1504+moment:1508+moment:1512+moment:1516+moment:1520+moment:1524+moment:1528+moment:1532+moment:1536+moment:1540+moment:1544+moment:1548+moment:1552+moment:1556+moment:1560+moment:1564+moment:1568+moment:1572+moment:1576+moment:1580+moment:1584+moment:1588+moment:1592+moment:1596+moment:1600+moment:1604+moment:1608+moment:1612+moment:1616+moment:1620+moment:1624+moment:1628+moment:1632+moment:1636+moment:1640+moment:1644+moment:1648+moment:1652+moment:1656+moment:1660+moment:1664+moment:1668,S02,-1,2,-1:2:1;0:2:1;1:2:1;2:2:1;2:3:1;3:2:1,214,277,63,cube,cube,,43,,,,
85fa7ad24567e766516ee709597951036dd6bf035271e450a2598ad2af2c250a,94,9,0.0005,0.8,0.999,0.9,interval,moment:1377+moment:1386+moment:1396+moment:1406+moment:1414+moment:1422+moment:1430+moment:1440+moment:1452+moment:1456+moment:1460+moment:1464+moment:1468+moment:1472+moment:1476+moment:1480+moment:1484+moment:1488+moment:1492+moment:1496+moment:1500+moment:1504+moment:1508+moment:1512+moment:1516+moment:1520+moment:1524+moment:1528+moment:1532+moment:1536+moment:1540+moment:1544+moment:1548+moment:1552+moment:1556+moment:1560+moment:1564+moment:1568+moment:1572+moment:1576+moment:1580+moment:1584+moment:1588+moment:1592+moment:1596+moment:1600+moment:1604+moment:1608+moment:1612+moment:1616+moment:1620+moment:1624+moment:1628+moment:1632+moment:1636+moment:1640+moment:1644+moment:1648+moment:1652+moment:1656+moment:1660+moment:1664+moment:1668,S03,0,2,-1:2:1;0:2:1;1:2:1;2:2:1;2:3:1;3:2:1,214,277,63,cube,cube,,43,,,,
85fa7ad24567e766516ee709597951036dd6bf035271e450a2598ad2af2c250a,94,9,0.0005,0.8,0.999,0.9,interval,moment:1377+moment:1386+moment:1396+moment:1406+moment:1414+moment:1422+moment:1430+moment:1440+moment:1452+moment:1456+moment:1460+moment:1464+moment:1468+moment:1472+moment:1476+moment:1480+moment:1484+moment:1488+moment:1492+moment:1496+moment:1500+moment:1504+moment:1508+moment:1512+moment:1516+moment:1520+moment:1524+moment:1528+moment:1532+moment:1536+moment:1540+moment:1544+moment:1548+moment:1552+moment:1556+moment:1560+moment:1564+moment:1568+moment:1572+moment:1576+moment:1580+moment:1584+moment:1588+moment:1592+moment:1596+moment:1600+moment:1604+moment:1608+moment:1612+moment:1616+moment:1620+moment:1624+moment:1628+moment:1632+moment:1636+moment:1640+moment:1644+moment:1648+moment:1652+moment:1656+moment:1660+moment:1664+moment:1668,S04,1,2,-1:2:1;0:2:1;1:2:1;2:2:1;2:3:1;3:2:1,214,277,63,cube,cube,,43,,,,
85fa7ad24567e766516ee709597951036dd6bf035271e450a2598ad2af2c250a,94,9,0.0005,0.8,0.999,0.9,interval,moment:1377+moment:1386+moment:1396+moment:1406+moment:1414+moment:1422+moment:1430+moment:1440+moment:1452+moment:1456+moment:1460+moment:1464+moment:1468+moment:1472+moment:1476+moment:1480+moment:1484+moment:1488+moment:1492+moment:1496+moment:1500+moment:1504+moment:1508+moment:1512+moment:1516+moment:1520+moment:1524+moment:1528+moment:1532+moment:1536+moment:1540+moment:1544+moment:1548+moment:1552+moment:1556+moment:1560+moment:1564+moment:1568+moment:1572+moment:1576+moment:1580+moment:1584+moment:1588+moment:1592+moment:1596+moment:1600+moment:1604+moment:1608+moment:1612+moment:1616+moment:1620+moment:1624+moment:1628+moment:1632+moment:1636+moment:1640+moment:1644+moment:1648+moment:1652+moment:1656+moment:1660+moment:1664+moment:1668,S05,2,2,-1:2:1;0:2:1;1:2:1;2:2:1;2:3:1;3:2:1,214,277,63,cube,cube,,43,,,,
85fa7ad24567e766516ee709597951036dd6bf035271e450a2598ad2af2c250a,94,9,0.0005,0.8,0.999,0.9,interval,moment:1377+moment:1386+moment:1396+moment:1406+moment:1414+moment:1422+moment:1430+moment:1440+moment:1452+moment:1456+moment:1460+moment:1464+moment:1468+moment:1472+moment:1476+moment:1480+moment:1484+moment:1488+moment:1492+moment:1496+moment:1500+moment:1504+moment:1508+moment:1512+moment:1516+moment:1520+moment:1524+moment:1528+moment:1532+moment:1536+moment:1540+moment:1544+moment:1548+moment:1552+moment:1556+moment:1560+moment:1564+moment:1568+moment:1572+moment:1576+moment:1580+moment:1584+moment:1588+moment:1592+moment:1596+moment:1600+moment:1604+moment:1608+moment:1612+moment:1616+moment:1620+moment:1624+moment:1628+moment:1632+moment:1636+moment:1640+moment:1644+moment:1648+moment:1652+moment:1656+moment:1660+moment:1664+moment:1668,S06,3,2,-1:2:1;0:2:1;1:2:1;2:2:1;2:3:1;3:2:1,214,277,63,cube,cube,,43,,,,
85fa7ad24567e766516ee709597951036dd6bf035271e450a2598ad2af2c250a,94,9,0.0005,0.8,0.999,0.9,interval,moment:1372+moment:1385+moment:1395+moment:1405+moment:1413+moment:1421+moment:1429,S09,-1,0,-1:0:0;-1:0:1,214,221,7,temporal_hadamard,temporal_hadamard,,4,,,,
85fa7ad24567e766516ee709597951036dd6bf035271e450a2598ad2af2c250a,94,9,0.0005,0.8,0.999,0.9,interval,event:1431:memory_round,S11,1,0,1:0:0;1:0:1,214,220,6,memory_synchronization,memory,synchronization,38,,,12,
85fa7ad24567e766516ee709597951036dd6bf035271e450a2598ad2af2c250a,94,9,0.0005,0.8,0.999,0.9,interval,event:1432:memory_round,S13,3,0,3:0:0;3:0:1,214,220,6,memory_synchronization,memory,synchronization,48,,,0,
85fa7ad24567e766516ee709597951036dd6bf035271e450a2598ad2af2c250a,94,9,0.0005,0.8,0.999,0.9,interval,event:1442:idle,S10,0,0,0:0:0;0:0:1,216,221,5,idle_synchronization,memory,synchronization,39,,,,
85fa7ad24567e766516ee709597951036dd6bf035271e450a2598ad2af2c250a,94,9,0.0005,0.8,0.999,0.9,interval,event:1441:idle,S11,1,0,1:0:0;1:0:1,220,221,1,idle_synchronization,memory,synchronization,38,,,,
85fa7ad24567e766516ee709597951036dd6bf035271e450a2598ad2af2c250a,94,9,0.0005,0.8,0.999,0.9,interval,event:1443:idle,S13,3,0,3:0:0;3:0:1,220,221,1,idle_synchronization,memory,synchronization,48,,,,
85fa7ad24567e766516ee709597951036dd6bf035271e450a2598ad2af2c250a,94,9,0.0005,0.8,0.999,0.9,interval,moment:1449+moment:1453+moment:1457+moment:1461+moment:1465+moment:1469+moment:1473+moment:1477+moment:1481+moment:1485+moment:1489+moment:1493+moment:1497+moment:1501+moment:1505+moment:1509+moment:1513+moment:1517+moment:1521+moment:1525+moment:1529+moment:1533+moment:1537+moment:1541+moment:1545+moment:1549+moment:1553+moment:1557+moment:1561+moment:1565+moment:1569+moment:1573+moment:1577+moment:1581+moment:1585+moment:1589+moment:1593+moment:1597+moment:1601+moment:1605+moment:1609+moment:1613+moment:1617+moment:1621+moment:1625+moment:1629+moment:1633+moment:1637+moment:1641+moment:1645+moment:1649+moment:1653+moment:1657+moment:1661+moment:1665+moment:1669+moment:1672+moment:1680+moment:1686+moment:1692+moment:1698+moment:1704+moment:1710,S08,2,1,-1:0:1;0:0:1;1:0:1;2:0:1;2:1:1;3:0:1,221,284,63,cube,cube,,49,,,,
85fa7ad24567e766516ee709597951036dd6bf035271e450a2598ad2af2c250a,94,9,0.0005,0.8,0.999,0.9,interval,moment:1449+moment:1453+moment:1457+moment:1461+moment:1465+moment:1469+moment:1473+moment:1477+moment:1481+moment:1485+moment:1489+moment:1493+moment:1497+moment:1501+moment:1505+moment:1509+moment:1513+moment:1517+moment:1521+moment:1525+moment:1529+moment:1533+moment:1537+moment:1541+moment:1545+moment:1549+moment:1553+moment:1557+moment:1561+moment:1565+moment:1569+moment:1573+moment:1577+moment:1581+moment:1585+moment:1589+moment:1593+moment:1597+moment:1601+moment:1605+moment:1609+moment:1613+moment:1617+moment:1621+moment:1625+moment:1629+moment:1633+moment:1637+moment:1641+moment:1645+moment:1649+moment:1653+moment:1657+moment:1661+moment:1665+moment:1669+moment:1672+moment:1680+moment:1686+moment:1692+moment:1698+moment:1704+moment:1710,S09,-1,0,-1:0:1;0:0:1;1:0:1;2:0:1;2:1:1;3:0:1,221,284,63,cube,cube,,49,,,,
85fa7ad24567e766516ee709597951036dd6bf035271e450a2598ad2af2c250a,94,9,0.0005,0.8,0.999,0.9,interval,moment:1449+moment:1453+moment:1457+moment:1461+moment:1465+moment:1469+moment:1473+moment:1477+moment:1481+moment:1485+moment:1489+moment:1493+moment:1497+moment:1501+moment:1505+moment:1509+moment:1513+moment:1517+moment:1521+moment:1525+moment:1529+moment:1533+moment:1537+moment:1541+moment:1545+moment:1549+moment:1553+moment:1557+moment:1561+moment:1565+moment:1569+moment:1573+moment:1577+moment:1581+moment:1585+moment:1589+moment:1593+moment:1597+moment:1601+moment:1605+moment:1609+moment:1613+moment:1617+moment:1621+moment:1625+moment:1629+moment:1633+moment:1637+moment:1641+moment:1645+moment:1649+moment:1653+moment:1657+moment:1661+moment:1665+moment:1669+moment:1672+moment:1680+moment:1686+moment:1692+moment:1698+moment:1704+moment:1710,S10,0,0,-1:0:1;0:0:1;1:0:1;2:0:1;2:1:1;3:0:1,221,284,63,cube,cube,,49,,,,
85fa7ad24567e766516ee709597951036dd6bf035271e450a2598ad2af2c250a,94,9,0.0005,0.8,0.999,0.9,interval,moment:1449+moment:1453+moment:1457+moment:1461+moment:1465+moment:1469+moment:1473+moment:1477+moment:1481+moment:1485+moment:1489+moment:1493+moment:1497+moment:1501+moment:1505+moment:1509+moment:1513+moment:1517+moment:1521+moment:1525+moment:1529+moment:1533+moment:1537+moment:1541+moment:1545+moment:1549+moment:1553+moment:1557+moment:1561+moment:1565+moment:1569+moment:1573+moment:1577+moment:1581+moment:1585+moment:1589+moment:1593+moment:1597+moment:1601+moment:1605+moment:1609+moment:1613+moment:1617+moment:1621+moment:1625+moment:1629+moment:1633+moment:1637+moment:1641+moment:1645+moment:1649+moment:1653+moment:1657+moment:1661+moment:1665+moment:1669+moment:1672+moment:1680+moment:1686+moment:1692+moment:1698+moment:1704+moment:1710,S11,1,0,-1:0:1;0:0:1;1:0:1;2:0:1;2:1:1;3:0:1,221,284,63,cube,cube,,49,,,,
85fa7ad24567e766516ee709597951036dd6bf035271e450a2598ad2af2c250a,94,9,0.0005,0.8,0.999,0.9,interval,moment:1449+moment:1453+moment:1457+moment:1461+moment:1465+moment:1469+moment:1473+moment:1477+moment:1481+moment:1485+moment:1489+moment:1493+moment:1497+moment:1501+moment:1505+moment:1509+moment:1513+moment:1517+moment:1521+moment:1525+moment:1529+moment:1533+moment:1537+moment:1541+moment:1545+moment:1549+moment:1553+moment:1557+moment:1561+moment:1565+moment:1569+moment:1573+moment:1577+moment:1581+moment:1585+moment:1589+moment:1593+moment:1597+moment:1601+moment:1605+moment:1609+moment:1613+moment:1617+moment:1621+moment:1625+moment:1629+moment:1633+moment:1637+moment:1641+moment:1645+moment:1649+moment:1653+moment:1657+moment:1661+moment:1665+moment:1669+moment:1672+moment:1680+moment:1686+moment:1692+moment:1698+moment:1704+moment:1710,S12,2,0,-1:0:1;0:0:1;1:0:1;2:0:1;2:1:1;3:0:1,221,284,63,cube,cube,,49,,,,
85fa7ad24567e766516ee709597951036dd6bf035271e450a2598ad2af2c250a,94,9,0.0005,0.8,0.999,0.9,interval,moment:1449+moment:1453+moment:1457+moment:1461+moment:1465+moment:1469+moment:1473+moment:1477+moment:1481+moment:1485+moment:1489+moment:1493+moment:1497+moment:1501+moment:1505+moment:1509+moment:1513+moment:1517+moment:1521+moment:1525+moment:1529+moment:1533+moment:1537+moment:1541+moment:1545+moment:1549+moment:1553+moment:1557+moment:1561+moment:1565+moment:1569+moment:1573+moment:1577+moment:1581+moment:1585+moment:1589+moment:1593+moment:1597+moment:1601+moment:1605+moment:1609+moment:1613+moment:1617+moment:1621+moment:1625+moment:1629+moment:1633+moment:1637+moment:1641+moment:1645+moment:1649+moment:1653+moment:1657+moment:1661+moment:1665+moment:1669+moment:1672+moment:1680+moment:1686+moment:1692+moment:1698+moment:1704+moment:1710,S13,3,0,-1:0:1;0:0:1;1:0:1;2:0:1;2:1:1;3:0:1,221,284,63,cube,cube,,49,,,,
85fa7ad24567e766516ee709597951036dd6bf035271e450a2598ad2af2c250a,94,9,0.0005,0.8,0.999,0.9,interval,event:1711:memory_round,S01,2,3,2:3:1;2:3:2,277,283,6,memory_causal_cut,memory,causal_cut,45,,,0,
85fa7ad24567e766516ee709597951036dd6bf035271e450a2598ad2af2c250a,94,9,0.0005,0.8,0.999,0.9,interval,moment:1674+moment:1679+moment:1685+moment:1691+moment:1697+moment:1703+moment:1709,S02,-1,2,-1:2:1;-1:2:2,277,284,7,temporal_hadamard,temporal_hadamard,,44,,,,
85fa7ad24567e766516ee709597951036dd6bf035271e450a2598ad2af2c250a,94,9,0.0005,0.8,0.999,0.9,interval,event:1746:memory_round,S01,2,3,2:3:1;2:3:2,283,289,6,memory_causal_cut,memory,causal_cut,45,,,1,
85fa7ad24567e766516ee709597951036dd6bf035271e450a2598ad2af2c250a,94,9,0.0005,0.8,0.999,0.9,interval,event:1755:memory_round,S02,-1,2,-1:2:1;-1:2:2,284,290,6,memory_causal_cut,memory,causal_cut,46,,,0,
85fa7ad24567e766516ee709597951036dd6bf035271e450a2598ad2af2c250a,94,9,0.0005,0.8,0.999,0.9,interval,event:1738:idle,S08,2,1,2:1:1;2:1:2,284,288,4,idle_decoder_latency,memory,decoder_latency,58,,,,
85fa7ad24567e766516ee709597951036dd6bf035271e450a2598ad2af2c250a,94,9,0.0005,0.8,0.999,0.9,interval,moment:1741,S08,2,1,2:1:2,288,289,1,adaptive_measurement,adaptive_measurement,,59,,,,
85fa7ad24567e766516ee709597951036dd6bf035271e450a2598ad2af2c250a,94,9,0.0005,0.8,0.999,0.9,interval,event:1776:memory_round,S01,2,3,2:3:1;2:3:2,289,295,6,memory_decoder_latency,memory,decoder_latency,45,,,2,
85fa7ad24567e766516ee709597951036dd6bf035271e450a2598ad2af2c250a,94,9,0.0005,0.8,0.999,0.9,interval,event:1781:memory_round,S02,-1,2,-1:2:1;-1:2:2,290,296,6,memory_causal_cut,memory,causal_cut,46,,,1,
85fa7ad24567e766516ee709597951036dd6bf035271e450a2598ad2af2c250a,94,9,0.0005,0.8,0.999,0.9,interval,event:1802:memory_round,S01,2,3,2:3:1;2:3:2,295,301,6,memory_decoder_latency,memory,decoder_latency,45,,,3,
85fa7ad24567e766516ee709597951036dd6bf035271e450a2598ad2af2c250a,94,9,0.0005,0.8,0.999,0.9,interval,event:1807:memory_round,S02,-1,2,-1:2:1;-1:2:2,296,302,6,memory_causal_cut,memory,causal_cut,46,,,2,
85fa7ad24567e766516ee709597951036dd6bf035271e450a2598ad2af2c250a,94,9,0.0005,0.8,0.999,0.9,interval,event:1828:memory_round,S01,2,3,2:3:1;2:3:2,301,307,6,memory_decoder_latency,memory,decoder_latency,45,,,4,
85fa7ad24567e766516ee709597951036dd6bf035271e450a2598ad2af2c250a,94,9,0.0005,0.8,0.999,0.9,interval,event:1833:memory_round,S02,-1,2,-1:2:1;-1:2:2,302,308,6,memory_causal_cut,memory,causal_cut,46,,,3,
85fa7ad24567e766516ee709597951036dd6bf035271e450a2598ad2af2c250a,94,9,0.0005,0.8,0.999,0.9,interval,event:1854:memory_round,S01,2,3,2:3:1;2:3:2,307,313,6,memory_decoder_latency,memory,decoder_latency,45,,,5,
85fa7ad24567e766516ee709597951036dd6bf035271e450a2598ad2af2c250a,94,9,0.0005,0.8,0.999,0.9,interval,event:1859:memory_round,S02,-1,2,-1:2:1;-1:2:2,308,314,6,memory_causal_cut,memory,causal_cut,46,,,4,
85fa7ad24567e766516ee709597951036dd6bf035271e450a2598ad2af2c250a,94,9,0.0005,0.8,0.999,0.9,interval,event:1880:memory_round,S01,2,3,2:3:1;2:3:2,313,319,6,memory_decoder_latency,memory,decoder_latency,45,,,6,
85fa7ad24567e766516ee709597951036dd6bf035271e450a2598ad2af2c250a,94,9,0.0005,0.8,0.999,0.9,interval,event:1885:memory_round,S02,-1,2,-1:2:1;-1:2:2,314,320,6,memory_causal_cut,memory,causal_cut,46,,,5,
85fa7ad24567e766516ee709597951036dd6bf035271e450a2598ad2af2c250a,94,9,0.0005,0.8,0.999,0.9,interval,event:1906:memory_round,S01,2,3,2:3:1;2:3:2,319,325,6,memory_decoder_latency,memory,decoder_latency,45,,,7,
85fa7ad24567e766516ee709597951036dd6bf035271e450a2598ad2af2c250a,94,9,0.0005,0.8,0.999,0.9,interval,event:1911:memory_round,S02,-1,2,-1:2:1;-1:2:2,320,326,6,memory_causal_cut,memory,causal_cut,46,,,6,
85fa7ad24567e766516ee709597951036dd6bf035271e450a2598ad2af2c250a,94,9,0.0005,0.8,0.999,0.9,interval,event:1932:memory_round,S01,2,3,2:3:1;2:3:2,325,331,6,memory_decoder_latency,memory,decoder_latency,45,,,8,
85fa7ad24567e766516ee709597951036dd6bf035271e450a2598ad2af2c250a,94,9,0.0005,0.8,0.999,0.9,interval,event:1937:memory_round,S02,-1,2,-1:2:1;-1:2:2,326,332,6,memory_causal_cut,memory,causal_cut,46,,,7,
85fa7ad24567e766516ee709597951036dd6bf035271e450a2598ad2af2c250a,94,9,0.0005,0.8,0.999,0.9,interval,event:1958:memory_round,S01,2,3,2:3:1;2:3:2,331,337,6,memory_decoder_latency,memory,decoder_latency,45,,,9,
85fa7ad24567e766516ee709597951036dd6bf035271e450a2598ad2af2c250a,94,9,0.0005,0.8,0.999,0.9,interval,event:1963:memory_round,S02,-1,2,-1:2:1;-1:2:2,332,338,6,memory_causal_cut,memory,causal_cut,46,,,8,
85fa7ad24567e766516ee709597951036dd6bf035271e450a2598ad2af2c250a,94,9,0.0005,0.8,0.999,0.9,interval,event:1984:memory_round,S01,2,3,2:3:1;2:3:2,337,343,6,memory_decoder_latency,memory,decoder_latency,45,,,10,
85fa7ad24567e766516ee709597951036dd6bf035271e450a2598ad2af2c250a,94,9,0.0005,0.8,0.999,0.9,interval,event:1989:memory_round,S02,-1,2,-1:2:1;-1:2:2,338,344,6,memory_causal_cut,memory,causal_cut,46,,,9,
85fa7ad24567e766516ee709597951036dd6bf035271e450a2598ad2af2c250a,94,9,0.0005,0.8,0.999,0.9,interval,event:2010:memory_round,S01,2,3,2:3:1;2:3:2,343,349,6,memory_decoder_latency,memory,decoder_latency,45,,,11,
85fa7ad24567e766516ee709597951036dd6bf035271e450a2598ad2af2c250a,94,9,0.0005,0.8,0.999,0.9,interval,event:2016:memory_round,S02,-1,2,-1:2:1;-1:2:2,344,350,6,memory_causal_cut,memory,causal_cut,46,,,10,
85fa7ad24567e766516ee709597951036dd6bf035271e450a2598ad2af2c250a,94,9,0.0005,0.8,0.999,0.9,interval,moment:2013,S01,2,3,2:3:2,349,350,1,adaptive_measurement,adaptive_measurement,,73,,,,
85fa7ad24567e766516ee709597951036dd6bf035271e450a2598ad2af2c250a,94,9,0.0005,0.8,0.999,0.9,interval,event:2031:memory_round,S02,-1,2,-1:2:1;-1:2:2,350,356,6,memory_decoder_latency,memory,decoder_latency,46,,,11,
85fa7ad24567e766516ee709597951036dd6bf035271e450a2598ad2af2c250a,94,9,0.0005,0.8,0.999,0.9,interval,event:2044:memory_round,S02,-1,2,-1:2:1;-1:2:2,356,362,6,memory_decoder_latency,memory,decoder_latency,46,,,12,
85fa7ad24567e766516ee709597951036dd6bf035271e450a2598ad2af2c250a,94,9,0.0005,0.8,0.999,0.9,interval,event:2057:memory_round,S02,-1,2,-1:2:1;-1:2:2,362,368,6,memory_decoder_latency,memory,decoder_latency,46,,,13,
85fa7ad24567e766516ee709597951036dd6bf035271e450a2598ad2af2c250a,94,9,0.0005,0.8,0.999,0.9,interval,event:2070:memory_round,S02,-1,2,-1:2:1;-1:2:2,368,374,6,memory_decoder_latency,memory,decoder_latency,46,,,14,
85fa7ad24567e766516ee709597951036dd6bf035271e450a2598ad2af2c250a,94,9,0.0005,0.8,0.999,0.9,interval,event:2083:memory_round,S02,-1,2,-1:2:1;-1:2:2,374,380,6,memory_decoder_latency,memory,decoder_latency,46,,,15,
85fa7ad24567e766516ee709597951036dd6bf035271e450a2598ad2af2c250a,94,9,0.0005,0.8,0.999,0.9,interval,event:2096:memory_round,S02,-1,2,-1:2:1;-1:2:2,380,386,6,memory_decoder_latency,memory,decoder_latency,46,,,16,
85fa7ad24567e766516ee709597951036dd6bf035271e450a2598ad2af2c250a,94,9,0.0005,0.8,0.999,0.9,interval,event:2109:memory_round,S02,-1,2,-1:2:1;-1:2:2,386,392,6,memory_decoder_latency,memory,decoder_latency,46,,,17,
85fa7ad24567e766516ee709597951036dd6bf035271e450a2598ad2af2c250a,94,9,0.0005,0.8,0.999,0.9,interval,event:2122:memory_round,S02,-1,2,-1:2:1;-1:2:2,392,398,6,memory_decoder_latency,memory,decoder_latency,46,,,18,
85fa7ad24567e766516ee709597951036dd6bf035271e450a2598ad2af2c250a,94,9,0.0005,0.8,0.999,0.9,interval,event:2135:memory_round,S02,-1,2,-1:2:1;-1:2:2,398,404,6,memory_decoder_latency,memory,decoder_latency,46,,,19,
85fa7ad24567e766516ee709597951036dd6bf035271e450a2598ad2af2c250a,94,9,0.0005,0.8,0.999,0.9,interval,event:2148:memory_round,S02,-1,2,-1:2:1;-1:2:2,404,410,6,memory_decoder_latency,memory,decoder_latency,46,,,20,
85fa7ad24567e766516ee709597951036dd6bf035271e450a2598ad2af2c250a,94,9,0.0005,0.8,0.999,0.9,interval,moment:2151,S02,-1,2,-1:2:2,410,410,0,ideal_boundary,ideal_boundary,,47,,,,
